Jason|Steinberg|jsteinberg@ycp.edu|password|900000000
Travis|Wetzel|twetzel1@ycp.edu|password|900000001
Dwight|Schrute|dschrute@ycp.edu|rainn|900000002
Pam|Beesly|pbeesly@ycp.edu|jenna|900000003
Jim|Halpert|jhalpert@ycp.edu|john|900000004
Kevin|Malone|kmalone@ycp.edu|brian|900000005
Angela|Martin|amartin@ycp.edu|angela|900000006
Oscar|Martinez|omartinez@ycp.edu|oscar|900000007
Meredith|Palmer|mpalmer@ycp.edu|kate|900000008
Creed|Bratton|cbratton@ycp.edu|creed|900000009
Darryl|Philbin|dphilbin@ycp.edu|craig|900000010
Phyllis|Vance|pvance1@ycp.edu|phyllis|900000011
Stanley|Hudson|shudson@ycp.edu|leslie|900000012
Andy|Bernard|abernard@ycp.edu|narddog|900000013